{"cameraMode":{"drawMode":0,"name":"Shaded","section":"Shading Mode"},"sceneLighting":true,"audioPlay":false,"sceneViewState":{"showFog":true,"showMaterialUpdate":false,"showSkybox":true,"showFlares":true,"showImageEffects":true,"showParticleSystems":true},"in2DMode":false,"pivot":{"x":10.65611457824707,"y":1.554286241531372,"z":11.14210319519043},"rotation":{"x":-0.1760188490152359,"y":0.18830513954162599,"z":-0.03432617709040642,"w":-0.9655992388725281},"size":11.500591278076172,"orthographic":false}