{"cameraMode":{"drawMode":0,"name":"Shaded","section":"Shading Mode"},"sceneLighting":true,"audioPlay":false,"sceneViewState":{"showFog":true,"showMaterialUpdate":false,"showSkybox":true,"showFlares":true,"showImageEffects":true,"showParticleSystems":true},"in2DMode":false,"pivot":{"x":89.58155822753906,"y":-2.8852453231811525,"z":41.30797576904297},"rotation":{"x":0.4653119444847107,"y":-0.23110947012901307,"z":0.1272771954536438,"w":0.8449112772941589},"size":64.87126159667969,"orthographic":false}